<?xml version="1.0" encoding="utf-8" ?>
<X2M type="NEW_CHARACTER">
    <X2M_FORMAT_VERSION value="22.0" />
    <MOD_NAME value="贝吉塔（超赛神）" />
    <MOD_AUTHOR value="阿潘" />
    <MOD_VERSION value="1.0" />
    <MOD_GUID value="14f02d9c-1155-4de9-1f2e-7051c2283929" />
    <UDATA value="45kbYLOtg81MRvNUNLQOkB1k+SoUSiJc0xbZJ08izvvJ6/MXU5YGQA9/+RG8V05nKEpDM1jyaRy3&#x0A;VKBrvPhdSQ==" />
    <ENTRY_NAME value="SSV" />
    <CHARA_NAME_EN value="贝吉塔（超赛神）" />
    <X2mCharaName costume_index="0">
        <CHARA_NAME_EN value="贝吉塔（超赛神）" />
    </X2mCharaName>
    <SlotEntry costume_index="0">
        <MODEL_PRESET value="0x0" />
        <FLAG_GK2 value="false" />
        <VOICES_ID_LIST value="0x66, 0x67" />
        <COSTUME_NAME_EN value="Battle Armor" />
        <COSTUME_NAME_ES value="Traje de combate 8" />
        <COSTUME_NAME_CA value="Traje combate 8" />
        <COSTUME_NAME_FR value="Tenue de combat 8" />
        <COSTUME_NAME_DE value="Kampfanzug 8" />
        <COSTUME_NAME_IT value="Tuta da battaglia 8" />
        <COSTUME_NAME_PT value="Traje de Batalha 8" />
        <COSTUME_NAME_PL value="Strój bojowy 8" />
        <COSTUME_NAME_RU value="Боевой костюм 8" />
        <COSTUME_NAME_TW value="戰鬥服 8" />
        <COSTUME_NAME_ZH value="战斗服 8" />
        <COSTUME_NAME_KR value="전투복 8" />
    </SlotEntry>
    <Entry id="0xbacabaca" name="123">
        <U_10 value="0x1" />
        <LOAD_CAM_DIST value="0x0" />
        <U_16 value="0xc801" />
        <U_18 value="0xffff" />
        <U_1A value="0x200" />
        <U_1C value="0x0" />
        <CHARACTER value="SSV" />
        <EAN value="SSV" />
        <FCE_EAN value="SSV" />
        <FCE value="" />
        <CAM_EAN value="SSV" />
        <BAC value="SSV" />
        <BCM value="SSV" />
        <AI value="../VGT/VGT" />
        <STR_50 value="SSV" />
    </Entry>
    <SkillSet>
        <CHAR_ID value="0xbacabaca" />
        <COSTUME_ID value="0xbacabaca" />
        <SKILLS value="1580, 2172, 2171, 49154, 49153, 6580, 10160, 21081, 49152" />
        <MODEL_PRESET value="47818" />
    </SkillSet>
    <CsoEntry>
        <CHAR_ID value="0xbacabaca" />
        <COSTUME_ID value="0xbacabaca" />
        <SE value="CAR_BTL_VGT_SE" />
        <VOX value="CAR_BTL_VGT_VOX" />
        <AMK value="VGT/VGT" />
        <SKILLS value="NI2" />
    </CsoEntry>
    <PscSpecEntry>
        <COSTUME_ID value="0xbacabaca" />
        <COSTUME_ID2 value="0xbacabaca" />
        <CAMERA_POSITION value="0x1" />
        <U_0C value="0x5" />
        <U_10 value="0x5" />
        <U_14 value="0x3d" />
        <HEALTH value="1.79999995" />
        <F_18 value="1.0" />
        <KI value="1.32500005" />
        <KI_RECHARGE value="0.0" />
        <U_24 value="0x1" />
        <U_28 value="0x1" />
        <U_2C value="0x0" />
        <STAMINA value="1.32500005" />
        <STAMINA_RECHARGE_MOVE value="0.0" />
        <STAMINA_RECHARGE_AIR value="1.20000005" />
        <STAMINA_RECHARGE_GROUND value="1.29999995" />
        <STAMINA_DRAIN_RATE1 value="0.0" />
        <STAMINA_DRAIN_RATE2 value="0.0" />
        <F_48 value="0.0" />
        <BASIC_ATTACK value="1.625" />
        <BASIC_KI_ATTACK value="1.625" />
        <STRIKE_ATTACK value="1.57500005" />
        <KI_BLAST_SUPER value="1.57500005" />
        <BASIC_PHYS_DEFENSE value="0.0" />
        <BASIC_KI_DEFENSE value="0.0" />
        <STRIKE_ATK_DEFENSE value="0.0" />
        <SUPER_KI_BLAST_DEFENSE value="0.0" />
        <GROUND_SPEED value="1.02499998" />
        <AIR_SPEED value="1.02499998" />
        <BOOSTING_SPEED value="1.02499998" />
        <DASH_DISTANCE value="1.02499998" />
        <F_7C value="0.0" />
        <REINF_SKILL_DURATION value="0.0" />
        <F_84 value="0.0" />
        <REVIVAL_HP_AMOUNT value="0.0" />
        <F_8C value="0.0" />
        <REVIVING_SPEED value="0.0" />
        <U_98 value="0x2" />
        <TALISMAN value="0x5d" />
        <U_B8 value="0x1" />
        <U_BC value="0x1" />
        <F_C0 value="8.0" />
    </PscSpecEntry>
    <CharacLink idCharac="0xbacabaca" idCostume="-1161119030" idAura="0xcacacaca" glare="false" />
    <SevEntryHL costume_id="0x0" copy_char="NI2" copy_costume="0xffffffff" />
    <CmlEntry char_id="0xbaca" costume_id="0xbaca">
        <U_04 value="0x6" />
        <CSS_POS value="380.0, -51.0, 3.29999995" />
        <CSS_ROT value="0.00999999978, -0.0199999996" />
        <F_0C value="1.0" />
        <F_10 value="0.0" />
        <F_14 value="0.0" />
        <F_18 value="3.0" />
        <F_1C value="-0.349999994" />
        <F_20 value="0.230000004" />
        <F_24 value="0.0" />
        <F_28 value="320.0" />
        <F_2C value="0.00999999978" />
        <F_30 value="-0.0199999996" />
        <F_34 value="-51.0" />
        <F_38 value="320.0" />
        <F_3C value="-0.349999994" />
        <F_40 value="0.230000004" />
        <F_44 value="0.0" />
        <F_48 value="440.0" />
        <F_5C value="-0.349999994" />
        <F_60 value="0.230000004" />
        <F_64 value="0.0" />
        <F_68 value="160.0" />
        <NF_10 value="-0.800000012" />
    </CmlEntry>
    <X2mDepends id="0xc000" name="超级赛亚人之神（贝吉塔）">
        <GUID value="4e2fca16-3f33-4a3e-f74e-e7529a1a1f09" />
        <TYPE value="SKILL" />
    </X2mDepends>
    <X2mDepends id="0xc001" name="神热闪现">
        <GUID value="8501203e-91f7-d266-73c6-abdb9e56735e" />
        <TYPE value="SKILL" />
    </X2mDepends>
    <X2mDepends id="0xc002" name="强力集气">
        <GUID value="bcd1e529-1641-30ff-6a91-09d731806cb7" />
        <TYPE value="SKILL" />
    </X2mDepends>
    <Aura id="0xbacabaca" unknow_0="0x0">
        <Effects>
            <Effect auraType="BoostStart" idEffect="0x96" />
            <Effect auraType="BoostLoop" idEffect="0x97" />
            <Effect auraType="BoostEnd" idEffect="0x98" />
            <Effect auraType="KiaiCharge" idEffect="0x99" />
            <Effect auraType="KiryokuMax" idEffect="0x9a" />
            <Effect auraType="HenshinStart" idEffect="0xffffffff" />
            <Effect auraType="HenshinEnd" idEffect="0xed" />
        </Effects>
    </Aura>
    <AuraExtraData aur_id="-1161119030" bpe_id="-1" flag1="false" flag2="false" />
    <TtbEntryHL costume_id="0x0" copy_char="NI2" copy_costume="0xffffffff" />
    <TtcEntryHL costume_id="0x0" copy_char="NI2" copy_costume="0xffffffff" />
    <CHAR_EEPK value="chara/VGT/VGT.eepk" />
</X2M>
